{"feature": "sig_eff", "edges": [0.1913573771715164, 0.2165665090084076, 0.23949112594127656, 0.2829744219779968], "k": [1.5, 1.3704912868027295, 1.3654316598799392, 1.255948960216641, 1.0507651244320533]}