model,kind,n,batch_ms,per_product_us,products_per_sec
deeponet_direct,direct,2315,0.497549946885556,0.21492438310391188,4652799.21039261
deeponet_hybrid_s2don,hybrid,2315,0.866950023919344,0.3744924509370816,2670280.796042027
bench_catboost,direct,2315,2.208150050137192,0.9538445140981391,1048388.8990497586
bench_ridge,direct,2315,2.8627999708987772,1.2366306569757137,808648.8834472095
bench_xgboost,direct,2315,6.5670000039972365,2.836717064361657,352520.1764262058
deeponet_hybrid,hybrid,2315,7.0467000477947295,3.043930906174829,328522.5686205391
xgb_hybrid,hybrid,2315,8.228100021369755,3.554254868842227,281352.92400281434
bench_lgbm,direct,2315,8.438799937721342,3.6452699514994995,274328.1055463794
bench_gbm,direct,2315,9.648999955970794,4.168034538216325,239921.23645595828
