model,kind,n,batch_ms,per_product_us,products_per_sec
deeponet_direct,direct,2315,0.502600014442578,0.2171058377721719,4606048.415194562
deeponet_hybrid_s2don,hybrid,2315,0.876649995916523,0.3786825036356471,2640734.627027182
bench_catboost,direct,2315,2.552499994635582,1.102591790339344,906953.9686053987
bench_ridge,direct,2315,2.9068999865558,1.2556803397649243,796381.0281422498
bench_xgboost,direct,2315,6.437300005927682,2.780691147268977,359622.8229021904
deeponet_hybrid,hybrid,2315,7.26869999198243,3.139827210359581,318488.8635593031
xgb_hybrid,hybrid,2315,8.143349987221882,3.5176457828172274,284281.03957616666
bench_lgbm,direct,2315,9.042449994012713,3.9060259153402646,256014.68645475875
bench_gbm,direct,2315,11.140749993501231,4.812419003672238,207795.70507824127
