model,R2,MAE,RMSE,Spearman
deeponet_hybrid,0.7370475120058337,0.020603244209048698,0.026548650257043054,0.8675375967039508
xgb_hybrid,0.7303265010740243,0.020723395120397364,0.02688579848136783,0.8633044846722641
deeponet_hybrid_s2don,0.5973315769165986,0.025258092811791383,0.032853193459591264,0.7876175487711208
bench_ridge,0.559561022084843,0.026980874145842906,0.03435948748674354,0.761105221022306
bench_catboost,0.32924371123625285,0.03547255171462884,0.042401984279531534,0.5402852060063849
bench_lgbm,0.32400905038961847,0.03514496618538285,0.04256711775777086,0.551180241172077
bench_xgboost,0.2875435833027624,0.03634163941151063,0.04370015277364863,0.5080950040590418
bench_gbm,0.27440742561884623,0.03647987155306231,0.04410118091403746,0.5189837446551278
deeponet_direct,-0.18743871004897916,0.04573498894287874,0.05641692424131688,0.3055870965372885
