model,R2,MAE,RMSE,Spearman
deeponet_hybrid,0.7338246022929039,0.020805433119533527,0.026710853164519925,0.8669751725578004
xgb_hybrid,0.7000707659876312,0.021865513915343915,0.028353926112549284,0.849033230238063
bench_ridge,0.5607557945738469,0.02691931503161389,0.03431285259472993,0.7619124670271086
bench_xgboost,0.31959749013820593,0.035233521756829714,0.04270578974911123,0.5389416448001196
bench_catboost,0.3155001171721199,0.03574356847616541,0.042834183532267964,0.5319804142230583
bench_lgbm,0.2964512215052052,0.03566314055041286,0.04342610826729596,0.5285170380682274
bench_gbm,0.2573172455090691,0.03708369925627884,0.0446175248136957,0.5040411665116411
deeponet_direct,-0.13799259701819167,0.04460799533635676,0.05522980661189248,0.3263309060932298
