,stage1_MC_R2,stage2_resid_R2,final_FAIR_R2
deeponet_hybrid,0.9879378363221837,0.4873471689044032,0.7338246022929039
xgb_hybrid,0.835366440244877,0.4873471689044032,0.7000707659876312
