,stage1_MC_R2,stage2_resid_R2,final_FAIR_R2
deeponet_hybrid,0.9743262581214246,0.2840230643784307,0.605128538236346
deeponet_hybrid_s2don,0.9742875163681306,0.11521857295804838,0.49895244310728004
xgb_hybrid,0.9082297293793532,0.2840230643784307,0.5371896240474217
