,stage1_MC_R2,stage2_resid_R2,final_FAIR_R2
deeponet_hybrid,0.9884454324385367,0.49191512353011124,0.7370475120058337
deeponet_hybrid_s2don,0.9879424424372135,0.21917919345838122,0.5973315769165986
xgb_hybrid,0.8949785537670794,0.49191512353011124,0.7303265010740243
