,stage1_MC_R2,stage2_resid_R2,final_FAIR_R2
deeponet_curve_hybrid,0.9448600007762268,0.4873471689044032,0.7210015049691256
deeponet_hybrid,0.9636159099279542,0.4873471689044032,0.7273609554303186
pi_deeponet_hybrid,0.9171183549218654,0.4873471689044032,0.7239465603641126
